student_id,total_risk,risk_rank
pjwtqxbj965,1.0,1
pjxpqxbj944,1.0,2
pjxuqwbj474,1.0,3
pjxuqwbj800,1.0,4
pjxyqwbk826,1.0,5
pjxyqxbj241,1.0,6
pjxyqxbk414,1.0,7
pjxyqxbk680,1.0,8
pjxyqxbj469,0.9987,9
pjxrqxbj962,0.9981,10
pjxuqwbj585,0.9981,11
pjxyqxbj419,0.9981,12
pjxyqxbj679,0.9981,13
pjxyqxbl797,0.9981,14
pjxyqwbj100,0.9975,15
pjxyqxbk520,0.9975,16
pjxyqxbj290,0.9959,17
pjxrqxbj903,0.995,18
pjxyqwbj088,0.9935,19
pjxyqwbj248,0.9931,20
pjxyqxbj681,0.9902,21
pjxuqwbj714,0.9871,22
pjxyqwbj086,0.9871,23
pjxqqxbj985,0.9816,24
pjxyqxbj054,0.98,25
pjxyqxbl673,0.979,26
pjxyqxbj658,0.9775,27
pjxyqxbk501,0.97,28
pjxyqxbj955,0.9672,29
pjxyqwbj485,0.9653,30
pjxuqwbj783,0.96,31
pjxyqwbj646,0.9575,32
pjxyqxbj895,0.9575,33
pjxxxxbj955,0.9488,34
pjxrqxbj955,0.9471,35
pjxuqwbj778,0.9471,36
pjxyqxbk980,0.9456,37
pjxuqwbj770,0.9444,38
pjxyqxbl737,0.9444,39
pjxyqwbk893,0.9443,40
pjxyqxbl808,0.9411,41
pjxyqxbk101,0.94,42
pjxyqxbk630,0.94,43
pjxyqxbj151,0.9389,44
pjxpqxbj915,0.9327,45
pjxsqxbj916,0.9327,46
pjxyqxbk350,0.9327,47
pjxyqwbj732,0.9308,48
pjxpqxbj937,0.9301,49
pjxyqxbl839,0.9263,50
pjxuqwbj818,0.925,51
pjxyqxbk798,0.925,52
pjxuqwbj591,0.9235,53
pjxuqwbj666,0.9213,54
pjxuqwbj837,0.921,55
pjxyqxbj762,0.9074,56
pjxrqxbj990,0.9049,57
pjxyqxbk458,0.9049,58
pjxsqxbj971,0.9024,59
pjxyqxbk065,0.9024,60
pjxyqwbj219,0.8975,61
pjxyqxbk723,0.8975,62
pjxyqxbl929,0.8958,63
pjxqqxbj957,0.8953,64
pjxqqxbj964,0.887,65
pjxyqxbj261,0.882,66
pjxyqxbl817,0.872,67
pjxyqwbj237,0.8586,68
pjxyqwbk756,0.8475,69
pjxuqwbj500,0.8355,70
pjxqqxbj982,0.8129,71
pjxyqxbk070,0.8129,72
pjxuqwbj528,0.8075,73
pjxyqwbk544,0.802,74
pjxyqwbj166,0.7847,75
pjxrqxbj943,0.775,76
pjxyqwbk686,0.7686,77
pjxyqxbj198,0.765,78
pjxyqxbl688,0.7613,79
pjxyqxbj718,0.7447,80
pjxsqxbj864,0.7296,81
pjxyqxbl712,0.7225,82
pjxuqwbj861,0.7042,83
pjxrqxbj905,0.6993,84
pjxuqwbj847,0.6917,85
pjxyqxbj709,0.6566,86
pjxyqxbj566,0.6542,87
pjxuqwbj497,0.65,88
pjxyqwbk622,0.65,89
pjxyqxbj169,0.645,90
pjxsqxbj921,0.6417,91
pjxyqwbj913,0.6407,92
pjxyqwbj397,0.6275,93
pjxyqwbj632,0.6175,94
pjxrqxbj957,0.6088,95
pjxyqxbj399,0.6069,96
pjxyqxbl830,0.6068,97
pjxyqxbl723,0.6066,98
pjxuqwbj606,0.6063,99
pjxyqxbk631,0.6,100
pjxyqxbk839,0.6,101
pjxuqwbj631,0.5991,102
pjxyqwbk777,0.5954,103
pjxyqwbj288,0.5925,104
pjxyqxbk079,0.591,105
pjxuqwbj831,0.5882,106
pjxpqxbj920,0.5817,107
pjxyqwbj888,0.5775,108
pjxyqxbl716,0.5725,109
pjxyqxbl763,0.572,110
pjxqqxbj961,0.5582,111
pjxyqxbk644,0.5582,112
pjxyqwbj380,0.5536,113
pjxyqxbl678,0.55,114
pjxyqxbk080,0.5495,115
pjxyqxbl796,0.5481,116
pjxuqwbj586,0.547,117
pjxyqxbl828,0.545,118
pjxyqxbk500,0.5425,119
pjxyqxbj710,0.5395,120
pjxyqxbj159,0.5158,121
pjxyqxbj162,0.5075,122
pjxyqwbj579,0.5016,123
pjwrqxbj911,0.5015,124
pjwrqxbj916,0.5015,125
pjwrqxbj949,0.5015,126
pjwrqxbj951,0.5015,127
pjwrqxbj985,0.5015,128
pjwrqxbj993,0.5015,129
pjwtqxbj922,0.5015,130
pjwtqxbj925,0.5015,131
pjwtqxbj935,0.5015,132
pjwtqxbj954,0.5015,133
pjwtqxbj974,0.5015,134
pjwtqxbj998,0.5015,135
pjxpqxbj925,0.5015,136
pjxpqxbj932,0.5015,137
pjxpqxbj941,0.5015,138
pjxpqxbj962,0.5015,139
pjxpqxbj963,0.5015,140
pjxpqxbj981,0.5015,141
pjxqqxbj951,0.5015,142
pjxqqxbj954,0.5015,143
pjxqqxbj969,0.5015,144
pjxqqxbj970,0.5015,145
pjxqqxbj975,0.5015,146
pjxqqxbj977,0.5015,147
pjxqqxbj981,0.5015,148
pjxqqxbj983,0.5015,149
pjxqqxbj986,0.5015,150
pjxqqxbj989,0.5015,151
pjxqqxbj991,0.5015,152
pjxqqxbj997,0.5015,153
pjxqzxbj980,0.5015,154
pjxqzxbj984,0.5015,155
pjxqzxbj985,0.5015,156
pjxqzxbj989,0.5015,157
pjxqzxbj994,0.5015,158
pjxqzxbj996,0.5015,159
pjxrqxbj894,0.5015,160
pjxrqxbj898,0.5015,161
pjxrqxbj901,0.5015,162
pjxrqxbj908,0.5015,163
pjxrqxbj909,0.5015,164
pjxrqxbj911,0.5015,165
pjxrqxbj918,0.5015,166
pjxrqxbj928,0.5015,167
pjxrqxbj930,0.5015,168
pjxrqxbj937,0.5015,169
pjxrqxbj939,0.5015,170
pjxrqxbj942,0.5015,171
pjxrqxbj944,0.5015,172
pjxrqxbj951,0.5015,173
pjxrqxbj952,0.5015,174
pjxrqxbj954,0.5015,175
pjxrqxbj958,0.5015,176
pjxrqxbj961,0.5015,177
pjxrqxbj969,0.5015,178
pjxrqxbj971,0.5015,179
pjxrqxbj972,0.5015,180
pjxrqxbj978,0.5015,181
pjxrqxbj983,0.5015,182
pjxrqxbj994,0.5015,183
pjxsqxbj778,0.5015,184
pjxsqxbj800,0.5015,185
pjxsqxbj807,0.5015,186
pjxsqxbj808,0.5015,187
pjxsqxbj810,0.5015,188
pjxsqxbj811,0.5015,189
pjxsqxbj867,0.5015,190
pjxsqxbj872,0.5015,191
pjxsqxbj877,0.5015,192
pjxsqxbj882,0.5015,193
pjxsqxbj884,0.5015,194
pjxsqxbj888,0.5015,195
pjxsqxbj894,0.5015,196
pjxsqxbj900,0.5015,197
pjxsqxbj912,0.5015,198
pjxsqxbj925,0.5015,199
pjxsqxbj927,0.5015,200
pjxsqxbj932,0.5015,201
pjxsqxbj934,0.5015,202
pjxsqxbj940,0.5015,203
pjxsqxbj953,0.5015,204
pjxsqxbj957,0.5015,205
pjxsqxbj965,0.5015,206
pjxsqxbj980,0.5015,207
pjxsqxbj986,0.5015,208
pjxsqxbj994,0.5015,209
pjxuqwbj463,0.5015,210
pjxuqwbj499,0.5015,211
pjxuqwbj519,0.5015,212
pjxuqwbj547,0.5015,213
pjxuqwbj552,0.5015,214
pjxuqwbj572,0.5015,215
pjxuqwbj581,0.5015,216
pjxuqwbj582,0.5015,217
pjxuqwbj583,0.5015,218
pjxuqwbj600,0.5015,219
pjxuqwbj615,0.5015,220
pjxuqwbj624,0.5015,221
pjxuqwbj633,0.5015,222
pjxuqwbj641,0.5015,223
pjxuqwbj642,0.5015,224
pjxuqwbj691,0.5015,225
pjxuqwbj738,0.5015,226
pjxuqwbj748,0.5015,227
pjxuqwbj751,0.5015,228
pjxuqwbj758,0.5015,229
pjxuqwbj760,0.5015,230
pjxuqwbj761,0.5015,231
pjxuqwbj773,0.5015,232
pjxuqwbj774,0.5015,233
pjxuqwbj787,0.5015,234
pjxuqwbj812,0.5015,235
pjxuqwbj814,0.5015,236
pjxuqwbj829,0.5015,237
pjxuqwbj833,0.5015,238
pjxuqwbj840,0.5015,239
pjxuqwbj857,0.5015,240
pjxuqwbj876,0.5015,241
pjxuqwbj881,0.5015,242
pjxuqwbj904,0.5015,243
pjxuqwbj915,0.5015,244
pjxuqwbj944,0.5015,245
pjxuqwbj947,0.5015,246
pjxuqwbj967,0.5015,247
pjxuqwbj976,0.5015,248
pjxuqwbj985,0.5015,249
pjxuqwbj996,0.5015,250
pjxuzvbj991,0.5015,251
pjxuzxbj997,0.5015,252
pjxwxxbj928,0.5015,253
pjxwxxbj945,0.5015,254
pjxwxxbj946,0.5015,255
pjxwxxbj981,0.5015,256
pjxwzxbj986,0.5015,257
pjxwzxbj997,0.5015,258
pjxxxxbj922,0.5015,259
pjxxxxbj942,0.5015,260
pjxxxxbj957,0.5015,261
pjxxxxbj980,0.5015,262
pjxxxxbj988,0.5015,263
pjxxztbj990,0.5015,264
pjxxztbj998,0.5015,265
pjxxzxkj998,0.5015,266
pjxyqwbj004,0.5015,267
pjxyqwbj015,0.5015,268
pjxyqwbj073,0.5015,269
pjxyqwbj146,0.5015,270
pjxyqwbj221,0.5015,271
pjxyqwbj249,0.5015,272
pjxyqwbj255,0.5015,273
pjxyqwbj282,0.5015,274
pjxyqwbj301,0.5015,275
pjxyqwbj302,0.5015,276
pjxyqwbj311,0.5015,277
pjxyqwbj318,0.5015,278
pjxyqwbj333,0.5015,279
pjxyqwbj366,0.5015,280
pjxyqwbj395,0.5015,281
pjxyqwbj398,0.5015,282
pjxyqwbj410,0.5015,283
pjxyqwbj433,0.5015,284
pjxyqwbj435,0.5015,285
pjxyqwbj437,0.5015,286
pjxyqwbj476,0.5015,287
pjxyqwbj479,0.5015,288
pjxyqwbj497,0.5015,289
pjxyqwbj518,0.5015,290
pjxyqwbj524,0.5015,291
pjxyqwbj534,0.5015,292
pjxyqwbj535,0.5015,293
pjxyqwbj538,0.5015,294
pjxyqwbj557,0.5015,295
pjxyqwbj585,0.5015,296
pjxyqwbj588,0.5015,297
pjxyqwbj589,0.5015,298
pjxyqwbj615,0.5015,299
pjxyqwbj617,0.5015,300
pjxyqwbj624,0.5015,301
pjxyqwbj625,0.5015,302
pjxyqwbj628,0.5015,303
pjxyqwbj642,0.5015,304
pjxyqwbj651,0.5015,305
pjxyqwbj669,0.5015,306
pjxyqwbj677,0.5015,307
pjxyqwbj687,0.5015,308
pjxyqwbj697,0.5015,309
pjxyqwbj706,0.5015,310
pjxyqwbj713,0.5015,311
pjxyqwbj727,0.5015,312
pjxyqwbj728,0.5015,313
pjxyqwbj734,0.5015,314
pjxyqwbj742,0.5015,315
pjxyqwbj744,0.5015,316
pjxyqwbj760,0.5015,317
pjxyqwbj773,0.5015,318
pjxyqwbj776,0.5015,319
pjxyqwbj788,0.5015,320
pjxyqwbj828,0.5015,321
pjxyqwbj834,0.5015,322
pjxyqwbj844,0.5015,323
pjxyqwbj870,0.5015,324
pjxyqwbj872,0.5015,325
pjxyqwbj873,0.5015,326
pjxyqwbj884,0.5015,327
pjxyqwbj922,0.5015,328
pjxyqwbj932,0.5015,329
pjxyqwbj935,0.5015,330
pjxyqwbj971,0.5015,331
pjxyqwbj989,0.5015,332
pjxyqwbj991,0.5015,333
pjxyqwbk509,0.5015,334
pjxyqwbk514,0.5015,335
pjxyqwbk529,0.5015,336
pjxyqwbk592,0.5015,337
pjxyqwbk594,0.5015,338
pjxyqwbk617,0.5015,339
pjxyqwbk621,0.5015,340
pjxyqwbk647,0.5015,341
pjxyqwbk650,0.5015,342
pjxyqwbk664,0.5015,343
pjxyqwbk665,0.5015,344
pjxyqwbk675,0.5015,345
pjxyqwbk724,0.5015,346
pjxyqwbk727,0.5015,347
pjxyqwbk746,0.5015,348
pjxyqwbk770,0.5015,349
pjxyqwbk772,0.5015,350
pjxyqwbk791,0.5015,351
pjxyqwbk792,0.5015,352
pjxyqwbk793,0.5015,353
pjxyqwbk795,0.5015,354
pjxyqwbk818,0.5015,355
pjxyqwbk872,0.5015,356
pjxyqwbk889,0.5015,357
pjxyqwbk899,0.5015,358
pjxyqwbk907,0.5015,359
pjxyqwbk964,0.5015,360
pjxyqxbj008,0.5015,361
pjxyqxbj035,0.5015,362
pjxyqxbj038,0.5015,363
pjxyqxbj044,0.5015,364
pjxyqxbj068,0.5015,365
pjxyqxbj073,0.5015,366
pjxyqxbj075,0.5015,367
pjxyqxbj088,0.5015,368
pjxyqxbj103,0.5015,369
pjxyqxbj106,0.5015,370
pjxyqxbj114,0.5015,371
pjxyqxbj125,0.5015,372
pjxyqxbj145,0.5015,373
pjxyqxbj147,0.5015,374
pjxyqxbj150,0.5015,375
pjxyqxbj153,0.5015,376
pjxyqxbj154,0.5015,377
pjxyqxbj182,0.5015,378
pjxyqxbj220,0.5015,379
pjxyqxbj238,0.5015,380
pjxyqxbj242,0.5015,381
pjxyqxbj332,0.5015,382
pjxyqxbj353,0.5015,383
pjxyqxbj361,0.5015,384
pjxyqxbj391,0.5015,385
pjxyqxbj415,0.5015,386
pjxyqxbj428,0.5015,387
pjxyqxbj432,0.5015,388
pjxyqxbj448,0.5015,389
pjxyqxbj454,0.5015,390
pjxyqxbj533,0.5015,391
pjxyqxbj537,0.5015,392
pjxyqxbj544,0.5015,393
pjxyqxbj562,0.5015,394
pjxyqxbj571,0.5015,395
pjxyqxbj574,0.5015,396
pjxyqxbj576,0.5015,397
pjxyqxbj578,0.5015,398
pjxyqxbj581,0.5015,399
pjxyqxbj589,0.5015,400
pjxyqxbj626,0.5015,401
pjxyqxbj638,0.5015,402
pjxyqxbj659,0.5015,403
pjxyqxbj662,0.5015,404
pjxyqxbj682,0.5015,405
pjxyqxbj701,0.5015,406
pjxyqxbj703,0.5015,407
pjxyqxbj714,0.5015,408
pjxyqxbj722,0.5015,409
pjxyqxbj729,0.5015,410
pjxyqxbj736,0.5015,411
pjxyqxbj737,0.5015,412
pjxyqxbj740,0.5015,413
pjxyqxbj765,0.5015,414
pjxyqxbj791,0.5015,415
pjxyqxbj798,0.5015,416
pjxyqxbj807,0.5015,417
pjxyqxbj828,0.5015,418
pjxyqxbj841,0.5015,419
pjxyqxbj857,0.5015,420
pjxyqxbj861,0.5015,421
pjxyqxbj862,0.5015,422
pjxyqxbj868,0.5015,423
pjxyqxbj871,0.5015,424
pjxyqxbj872,0.5015,425
pjxyqxbj889,0.5015,426
pjxyqxbj909,0.5015,427
pjxyqxbj914,0.5015,428
pjxyqxbj915,0.5015,429
pjxyqxbj918,0.5015,430
pjxyqxbj922,0.5015,431
pjxyqxbj927,0.5015,432
pjxyqxbj954,0.5015,433
pjxyqxbj972,0.5015,434
pjxyqxbj973,0.5015,435
pjxyqxbj978,0.5015,436
pjxyqxbj979,0.5015,437
pjxyqxbj980,0.5015,438
pjxyqxbj984,0.5015,439
pjxyqxbj991,0.5015,440
pjxyqxbk011,0.5015,441
pjxyqxbk021,0.5015,442
pjxyqxbk022,0.5015,443
pjxyqxbk027,0.5015,444
pjxyqxbk031,0.5015,445
pjxyqxbk036,0.5015,446
pjxyqxbk047,0.5015,447
pjxyqxbk048,0.5015,448
pjxyqxbk052,0.5015,449
pjxyqxbk090,0.5015,450
pjxyqxbk095,0.5015,451
pjxyqxbk147,0.5015,452
pjxyqxbk148,0.5015,453
pjxyqxbk165,0.5015,454
pjxyqxbk210,0.5015,455
pjxyqxbk211,0.5015,456
pjxyqxbk230,0.5015,457
pjxyqxbk272,0.5015,458
pjxyqxbk276,0.5015,459
pjxyqxbk316,0.5015,460
pjxyqxbk318,0.5015,461
pjxyqxbk334,0.5015,462
pjxyqxbk336,0.5015,463
pjxyqxbk341,0.5015,464
pjxyqxbk358,0.5015,465
pjxyqxbk368,0.5015,466
pjxyqxbk382,0.5015,467
pjxyqxbk399,0.5015,468
pjxyqxbk411,0.5015,469
pjxyqxbk429,0.5015,470
pjxyqxbk469,0.5015,471
pjxyqxbk474,0.5015,472
pjxyqxbk484,0.5015,473
pjxyqxbk513,0.5015,474
pjxyqxbk519,0.5015,475
pjxyqxbk522,0.5015,476
pjxyqxbk528,0.5015,477
pjxyqxbk531,0.5015,478
pjxyqxbk537,0.5015,479
pjxyqxbk551,0.5015,480
pjxyqxbk553,0.5015,481
pjxyqxbk566,0.5015,482
pjxyqxbk581,0.5015,483
pjxyqxbk583,0.5015,484
pjxyqxbk590,0.5015,485
pjxyqxbk596,0.5015,486
pjxyqxbk609,0.5015,487
pjxyqxbk637,0.5015,488
pjxyqxbk643,0.5015,489
pjxyqxbk649,0.5015,490
pjxyqxbk676,0.5015,491
pjxyqxbk683,0.5015,492
pjxyqxbk706,0.5015,493
pjxyqxbk715,0.5015,494
pjxyqxbk718,0.5015,495
pjxyqxbk720,0.5015,496
pjxyqxbk772,0.5015,497
pjxyqxbk799,0.5015,498
pjxyqxbk825,0.5015,499
pjxyqxbk836,0.5015,500
pjxyqxbk852,0.5015,501
pjxyqxbk902,0.5015,502
pjxyqxbk903,0.5015,503
pjxyqxbk907,0.5015,504
pjxyqxbk947,0.5015,505
pjxyqxbk954,0.5015,506
pjxyqxbk962,0.5015,507
pjxyqxbk991,0.5015,508
pjxyqxbk995,0.5015,509
pjxyqxbl687,0.5015,510
pjxyqxbl714,0.5015,511
pjxyqxbl730,0.5015,512
pjxyqxbl750,0.5015,513
pjxyqxbl751,0.5015,514
pjxyqxbl753,0.5015,515
pjxyqxbl766,0.5015,516
pjxyqxbl780,0.5015,517
pjxyqxbl794,0.5015,518
pjxyqxbl807,0.5015,519
pjxyqxbl827,0.5015,520
pjxyqxbl869,0.5015,521
pjxyqxbl874,0.5015,522
pjxyqxbl911,0.5015,523
pjxyqxbl912,0.5015,524
pjxyqxbl925,0.5015,525
pjxyqxbl937,0.5015,526
pjxyqxbl975,0.5015,527
pjxyqxbl982,0.5015,528
pjxyqxbk373,0.5007,529
pjxyqwbj598,0.4975,530
pjxyqwbj764,0.4901,531
pjxyqwbk701,0.4879,532
pjxyqwbj965,0.4875,533
pjxyqwbj754,0.4861,534
pjxyqwbj358,0.4847,535
pjxyqwbj418,0.4847,536
pjxyqwbj515,0.4847,537
pjxyqxbj031,0.4847,538
pjxyqxbj032,0.4847,539
pjwrqxbj901,0.4833,540
pjxyqwbk652,0.481,541
pjxyqxbk854,0.48,542
pjxyqwbk951,0.4729,543
pjxyqwbj660,0.4666,544
pjxuqwbj879,0.4658,545
pjxyqxbj501,0.4654,546
pjxyqwbk531,0.455,547
pjxuqwbj694,0.4525,548
pjxqqxbj949,0.445,549
pjxyqxbk722,0.445,550
pjxyqwbj158,0.4432,551
pjxrqxbj963,0.4337,552
pjxyqwbj859,0.4335,553
pjxyqxbk894,0.4325,554
pjxxxxbj910,0.4312,555
pjxrqxbj892,0.4275,556
pjxyqxbj893,0.4275,557
pjxyqxbk916,0.4262,558
pjwrqxbj905,0.4236,559
pjxyqwbk808,0.4225,560
pjxyqwbj077,0.4217,561
pjxyqwbj591,0.4204,562
pjxyqxbj027,0.4195,563
pjxyqxbj683,0.4146,564
pjxyqwbj116,0.4128,565
pjxyqwbj701,0.4128,566
pjxyqxbk661,0.4127,567
pjxyqxbj640,0.41,568
pjxyqxbj911,0.4092,569
pjxyqxbk503,0.4075,570
pjxuqwbj450,0.4056,571
pjxyqxbk732,0.4013,572
pjxyqwbj188,0.4001,573
pjxyqxbk579,0.3984,574
pjxyqxbj754,0.3955,575
pjxyqwbk925,0.3954,576
pjxyqxbj271,0.389,577
pjxyqwbk949,0.3852,578
pjxyqwbj492,0.3848,579
pjvyzxbj998,0.3825,580
pjxyqwbj564,0.3756,581
pjxyqwbk900,0.3728,582
pjxyqwbj456,0.3713,583
pjxyqxbk477,0.364,584
pjwrqxbj919,0.36,585
pjxyqxbk074,0.3575,586
pjxyqxbk918,0.3545,587
pjxyqwbk855,0.3531,588
pjxyqxbl739,0.3325,589
pjxyqxbk198,0.33,590
pjxsqxbj969,0.3292,591
pjxyqwbj849,0.3275,592
pjxyqxbj749,0.325,593
pjxpqxbj978,0.3225,594
pjxyqwbj868,0.3225,595
pjxuqwbj538,0.3225,596
pjxwxxbj993,0.3225,597
pjxyqwbj763,0.3177,598
pjxuqwbj980,0.315,599
pjxyqwbk668,0.3139,600
pjxyqxbj636,0.31,601
pjxyqwbj452,0.309,602
pjxyqwbk638,0.3077,603
pjxyqxbk342,0.305,604
pjxyqxbk162,0.3025,605
pjxyqxbl858,0.3025,606
pjxyqwbj340,0.3008,607
pjxuqwbj830,0.297,608
pjxxzxbj998,0.297,609
pjxyqwbk511,0.2965,610
pjxyqxbk401,0.2956,611
pjxuqwbj496,0.295,612
pjxyqwbj367,0.2947,613
pjxyqxbk775,0.2925,614
pjxyqwbk624,0.2904,615
pjxuqwbj638,0.2895,616
pjxsqxbj936,0.2878,617
pjxyqxbj315,0.287,618
pjxpqxbj934,0.2842,619
pjxyqwbj279,0.2822,620
pjxyqxbl943,0.28,621
pjxyqxbk125,0.2775,622
pjxyqxbk603,0.2754,623
pjxyqxbj063,0.2675,624
pjxyqxbj225,0.2675,625
pjxyqxbj840,0.2661,626
pjwtqxbj971,0.265,627
pjxyqwbk510,0.2621,628
pjxyqwbj785,0.2608,629
pjxsqxbj780,0.26,630
pjxyqxbj585,0.255,631
pjxrqxbj996,0.2548,632
pjxuqwbj511,0.2536,633
pjwrqxbj952,0.235,634
pjxyqxbk783,0.2268,635
pjxsqxbj918,0.2248,636
pjxyqxbj221,0.22,637
pjxyqwbk835,0.2127,638
pjxyqxbj492,0.2075,639
pjxyqxbk204,0.2044,640
pjwrzxbj996,0.2,641
pjxuqwbj750,0.1997,642
pjxyqxbk882,0.1994,643
pjxyqxbj827,0.1975,644
pjxuqwbj890,0.195,645
pjxyqxbj691,0.195,646
pjxyqwbk559,0.1949,647
pjxuqwbj925,0.1938,648
pjxyqxbj851,0.1928,649
pjxtztbj996,0.1875,650
pjxuzxbj986,0.1867,651
pjxuqwbj651,0.185,652
pjxyqxbj100,0.175,653
pjxuqwbj490,0.1732,654
pjxyqwbk583,0.1661,655
pjxyqxbk615,0.165,656
pjxyqxbk268,0.1464,657
pjxyqxbj160,0.1425,658
pjxuqwbj933,0.14,659
pjxyqxbk201,0.13,660
pjxuqwbj786,0.12,661
pjxyqxbk000,0.12,662
pjxyqxbk614,0.1088,663
pjxwxxbj941,0.1025,664
pjxyqwbj441,0.1,665
pjxyqxbk305,0.1,666
pjxyqxbj777,0.0917,667
pjxsqxbj787,0.09,668
pjxuqwbj445,0.09,669
pjxyqxbj753,0.0875,670
pjxuqwbj935,0.08,671
pjxyqxbk470,0.08,672
pjxyqxbj132,0.0775,673
pjxyqxbk953,0.0725,674
pjxyqxbl957,0.0725,675
pjxyqxbk479,0.07,676
pjxyqwbj174,0.0652,677
pjxyqxbj098,0.065,678
pjxyqxbk486,0.0575,679
pjxyqxbk081,0.055,680
pjxyqxbj359,0.0513,681
pjxyqxbj559,0.045,682
pjxyqxbj021,0.0425,683
pjxyqxbk840,0.0425,684
pjxyqxbj403,0.0375,685
pjwtqxbj918,0.025,686
pjxyqwbk736,0.0187,687
200307700011,,688
pjvyzvfj974,,689
pjvyzvfj977,,690
pjvyzvfj989,,691
pjvyzvfj994,,692
pjvyzvfj998,,693
pjvyzxbj993,,694
pjvyzxbj995,,695
pjvyzxbj997,,696
pjwqzwbj998,,697
pjwrqxbj882,,698
pjwrqxbj884,,699
pjwrqxbj890,,700
pjwrqxbj898,,701
pjwrqxbj913,,702
pjwrqxbj918,,703
pjwrqxbj920,,704
pjwrqxbj923,,705
pjwrqxbj924,,706
pjwrqxbj925,,707
pjwrqxbj926,,708
pjwrqxbj929,,709
pjwrqxbj932,,710
pjwrqxbj935,,711
pjwrqxbj938,,712
pjwrqxbj944,,713
pjwrqxbj945,,714
pjwrqxbj948,,715
pjwrqxbj955,,716
pjwrqxbj956,,717
pjwrqxbj965,,718
pjwrqxbj967,,719
pjwrqxbj973,,720
pjwrqxbj974,,721
pjwrqxbj977,,722
pjwrqxbj978,,723
pjwrqxbj979,,724
pjwrqxbj980,,725
pjwrqxbj983,,726
pjwrqxbj984,,727
pjwrqxbj988,,728
pjwrqxbj991,,729
pjwrqxbj992,,730
pjwrqxbj994,,731
pjwrqxbj998,,732
pjwtqxbj913,,733
pjwtqxbj914,,734
pjwtqxbj920,,735
pjwtqxbj921,,736
pjwtqxbj928,,737
pjwtqxbj929,,738
pjwtqxbj930,,739
pjwtqxbj931,,740
pjwtqxbj932,,741
pjwtqxbj933,,742
pjwtqxbj939,,743
pjwtqxbj941,,744
pjwtqxbj942,,745
pjwtqxbj943,,746
pjwtqxbj944,,747
pjwtqxbj946,,748
pjwtqxbj947,,749
pjwtqxbj950,,750
pjwtqxbj952,,751
pjwtqxbj953,,752
pjwtqxbj957,,753
pjwtqxbj959,,754
pjwtqxbj960,,755
pjwtqxbj967,,756
pjwtqxbj968,,757
pjwtqxbj969,,758
pjwtqxbj972,,759
pjwtqxbj976,,760
pjwtqxbj977,,761
pjwtqxbj979,,762
pjwtqxbj982,,763
pjwtqxbj983,,764
pjwtqxbj984,,765
pjwtqxbj985,,766
pjwtqxbj987,,767
pjwtqxbj988,,768
pjwtqxbj993,,769
pjwtzxbj996,,770
pjwuzxbj992,,771
pjwuzxbj995,,772
pjxpqxbj911,,773
pjxpqxbj912,,774
pjxpqxbj914,,775
pjxpqxbj916,,776
pjxpqxbj918,,777
pjxpqxbj919,,778
pjxpqxbj924,,779
pjxpqxbj926,,780
pjxpqxbj927,,781
pjxpqxbj930,,782
pjxpqxbj933,,783
pjxpqxbj945,,784
pjxpqxbj946,,785
pjxpqxbj954,,786
pjxpqxbj955,,787
pjxpqxbj956,,788
pjxpqxbj957,,789
pjxpqxbj961,,790
pjxpqxbj967,,791
pjxpqxbj969,,792
pjxpqxbj971,,793
pjxpqxbj972,,794
pjxpqxbj973,,795
pjxpqxbj975,,796
pjxpqxbj976,,797
pjxpqxbj977,,798
pjxpqxbj979,,799
pjxpqxbj985,,800
pjxpqxbj986,,801
pjxpqxbj987,,802
pjxpqxbj992,,803
pjxpqxbj994,,804
pjxpqxbj997,,805
pjxpqxbj998,,806
pjxqqxbj947,,807
pjxqqxbj959,,808
pjxqqxbj967,,809
pjxqqxbj973,,810
pjxqqxbj974,,811
pjxqqxbj979,,812
pjxqqxbj988,,813
pjxqqxbj996,,814
pjxqqxbj998,,815
pjxqzxbj967,,816
pjxqzxbj971,,817
pjxqzxbj973,,818
pjxqzxbj975,,819
pjxqzxbj979,,820
pjxqzxbj982,,821
pjxqzxbj983,,822
pjxqzxbj995,,823
pjxqzxbj997,,824
pjxrqxbj891,,825
pjxrqxbj914,,826
pjxrqxbj916,,827
pjxrqxbj919,,828
pjxrqxbj945,,829
pjxrqxbj947,,830
pjxrqxbj973,,831
pjxrqxbj981,,832
pjxrqxbj988,,833
pjxrqxbj992,,834
pjxsqxbj751,,835
pjxsqxbj752,,836
pjxsqxbj758,,837
pjxsqxbj760,,838
pjxsqxbj764,,839
pjxsqxbj765,,840
pjxsqxbj768,,841
pjxsqxbj771,,842
pjxsqxbj772,,843
pjxsqxbj774,,844
pjxsqxbj777,,845
pjxsqxbj779,,846
pjxsqxbj784,,847
pjxsqxbj786,,848
pjxsqxbj788,,849
pjxsqxbj789,,850
pjxsqxbj790,,851
pjxsqxbj792,,852
pjxsqxbj796,,853
pjxsqxbj801,,854
pjxsqxbj809,,855
pjxsqxbj812,,856
pjxsqxbj815,,857
pjxsqxbj816,,858
pjxsqxbj820,,859
pjxsqxbj821,,860
pjxsqxbj823,,861
pjxsqxbj824,,862
pjxsqxbj825,,863
pjxsqxbj826,,864
pjxsqxbj827,,865
pjxsqxbj829,,866
pjxsqxbj831,,867
pjxsqxbj834,,868
pjxsqxbj840,,869
pjxsqxbj843,,870
pjxsqxbj844,,871
pjxsqxbj849,,872
pjxsqxbj851,,873
pjxsqxbj856,,874
pjxsqxbj857,,875
pjxsqxbj859,,876
pjxsqxbj862,,877
pjxsqxbj863,,878
pjxsqxbj871,,879
pjxsqxbj873,,880
pjxsqxbj874,,881
pjxsqxbj876,,882
pjxsqxbj880,,883
pjxsqxbj881,,884
pjxsqxbj885,,885
pjxsqxbj886,,886
pjxsqxbj887,,887
pjxsqxbj892,,888
pjxsqxbj893,,889
pjxsqxbj897,,890
pjxsqxbj899,,891
pjxsqxbj904,,892
pjxsqxbj905,,893
pjxsqxbj906,,894
pjxsqxbj908,,895
pjxsqxbj909,,896
pjxsqxbj920,,897
pjxsqxbj922,,898
pjxsqxbj929,,899
pjxsqxbj938,,900
pjxsqxbj939,,901
pjxsqxbj941,,902
pjxsqxbj942,,903
pjxsqxbj944,,904
pjxsqxbj946,,905
pjxsqxbj949,,906
pjxsqxbj954,,907
pjxsqxbj962,,908
pjxsqxbj966,,909
pjxsqxbj968,,910
pjxsqxbj970,,911
pjxsqxbj976,,912
pjxsqxbj981,,913
pjxsqxbj982,,914
pjxsqxbj983,,915
pjxsqxbj984,,916
pjxsqxbj985,,917
pjxsqxbj989,,918
pjxsqxbj995,,919
pjxsqxbj996,,920
pjxsqxbj997,,921
pjxsqxbj998,,922
pjxtztbj985,,923
pjxtztbj986,,924
pjxtztbj987,,925
pjxtztbj989,,926
pjxtztbj990,,927
pjxtztbj997,,928
pjxtztbj998,,929
pjxtzxbj997,,930
pjxtzxfj978,,931
pjxtzxfj980,,932
pjxtzxfj981,,933
pjxtzxfj982,,934
pjxtzxfj983,,935
pjxtzxfj986,,936
pjxtzxfj994,,937
pjxuqwbj443,,938
pjxuqwbj446,,939
pjxuqwbj449,,940
pjxuqwbj454,,941
pjxuqwbj460,,942
pjxuqwbj461,,943
pjxuqwbj468,,944
pjxuqwbj470,,945
pjxuqwbj472,,946
pjxuqwbj473,,947
pjxuqwbj476,,948
pjxuqwbj477,,949
pjxuqwbj478,,950
pjxuqwbj479,,951
pjxuqwbj483,,952
pjxuqwbj485,,953
pjxuqwbj488,,954
pjxuqwbj489,,955
pjxuqwbj491,,956
pjxuqwbj492,,957
pjxuqwbj495,,958
pjxuqwbj498,,959
pjxuqwbj503,,960
pjxuqwbj505,,961
pjxuqwbj507,,962
pjxuqwbj508,,963
pjxuqwbj512,,964
pjxuqwbj515,,965
pjxuqwbj516,,966
pjxuqwbj517,,967
pjxuqwbj525,,968
pjxuqwbj526,,969
pjxuqwbj527,,970
pjxuqwbj529,,971
pjxuqwbj535,,972
pjxuqwbj536,,973
pjxuqwbj537,,974
pjxuqwbj539,,975
pjxuqwbj540,,976
pjxuqwbj545,,977
pjxuqwbj546,,978
pjxuqwbj551,,979
pjxuqwbj558,,980
pjxuqwbj559,,981
pjxuqwbj562,,982
pjxuqwbj564,,983
pjxuqwbj565,,984
pjxuqwbj566,,985
pjxuqwbj568,,986
pjxuqwbj571,,987
pjxuqwbj573,,988
pjxuqwbj574,,989
pjxuqwbj580,,990
pjxuqwbj584,,991
pjxuqwbj588,,992
pjxuqwbj589,,993
pjxuqwbj593,,994
pjxuqwbj594,,995
pjxuqwbj605,,996
pjxuqwbj608,,997
pjxuqwbj609,,998
pjxuqwbj610,,999
pjxuqwbj618,,1000
pjxuqwbj619,,1001
pjxuqwbj621,,1002
pjxuqwbj622,,1003
pjxuqwbj632,,1004
pjxuqwbj634,,1005
pjxuqwbj637,,1006
pjxuqwbj639,,1007
pjxuqwbj643,,1008
pjxuqwbj644,,1009
pjxuqwbj647,,1010
pjxuqwbj648,,1011
pjxuqwbj650,,1012
pjxuqwbj654,,1013
pjxuqwbj655,,1014
pjxuqwbj658,,1015
pjxuqwbj659,,1016
pjxuqwbj661,,1017
pjxuqwbj663,,1018
pjxuqwbj665,,1019
pjxuqwbj673,,1020
pjxuqwbj674,,1021
pjxuqwbj676,,1022
pjxuqwbj677,,1023
pjxuqwbj678,,1024
pjxuqwbj679,,1025
pjxuqwbj686,,1026
pjxuqwbj687,,1027
pjxuqwbj692,,1028
pjxuqwbj695,,1029
pjxuqwbj698,,1030
pjxuqwbj699,,1031
pjxuqwbj701,,1032
pjxuqwbj705,,1033
pjxuqwbj708,,1034
pjxuqwbj711,,1035
pjxuqwbj712,,1036
pjxuqwbj713,,1037
pjxuqwbj715,,1038
pjxuqwbj717,,1039
pjxuqwbj719,,1040
pjxuqwbj721,,1041
pjxuqwbj723,,1042
pjxuqwbj724,,1043
pjxuqwbj726,,1044
pjxuqwbj731,,1045
pjxuqwbj733,,1046
pjxuqwbj734,,1047
pjxuqwbj735,,1048
pjxuqwbj739,,1049
pjxuqwbj745,,1050
pjxuqwbj755,,1051
pjxuqwbj757,,1052
pjxuqwbj763,,1053
pjxuqwbj766,,1054
pjxuqwbj767,,1055
pjxuqwbj772,,1056
pjxuqwbj781,,1057
pjxuqwbj784,,1058
pjxuqwbj785,,1059
pjxuqwbj788,,1060
pjxuqwbj796,,1061
pjxuqwbj797,,1062
pjxuqwbj799,,1063
pjxuqwbj803,,1064
pjxuqwbj804,,1065
pjxuqwbj805,,1066
pjxuqwbj806,,1067
pjxuqwbj811,,1068
pjxuqwbj826,,1069
pjxuqwbj838,,1070
pjxuqwbj839,,1071
pjxuqwbj845,,1072
pjxuqwbj848,,1073
pjxuqwbj850,,1074
pjxuqwbj853,,1075
pjxuqwbj854,,1076
pjxuqwbj858,,1077
pjxuqwbj870,,1078
pjxuqwbj871,,1079
pjxuqwbj873,,1080
pjxuqwbj877,,1081
pjxuqwbj878,,1082
pjxuqwbj883,,1083
pjxuqwbj892,,1084
pjxuqwbj894,,1085
pjxuqwbj898,,1086
pjxuqwbj903,,1087
pjxuqwbj905,,1088
pjxuqwbj906,,1089
pjxuqwbj914,,1090
pjxuqwbj916,,1091
pjxuqwbj917,,1092
pjxuqwbj918,,1093
pjxuqwbj927,,1094
pjxuqwbj928,,1095
pjxuqwbj930,,1096
pjxuqwbj937,,1097
pjxuqwbj950,,1098
pjxuqwbj952,,1099
pjxuqwbj953,,1100
pjxuqwbj954,,1101
pjxuqwbj955,,1102
pjxuqwbj956,,1103
pjxuqwbj958,,1104
pjxuqwbj962,,1105
pjxuqwbj974,,1106
pjxuqwbj986,,1107
pjxuqwbj988,,1108
pjxuqwbj992,,1109
pjxuqwbj993,,1110
pjxuqwbj994,,1111
pjxuzsfj977,,1112
pjxuzsfj978,,1113
pjxuzsfj980,,1114
pjxuzsfj981,,1115
pjxuzsfj983,,1116
pjxuzsfj984,,1117
pjxuzsfj988,,1118
pjxuzsfj995,,1119
pjxuzvbj996,,1120
pjxuzxbj984,,1121
pjxuzxbj987,,1122
pjxvzrfj975,,1123
pjxvzrfj978,,1124
pjxvzrfj981,,1125
pjxvzrfj997,,1126
pjxvztfj974,,1127
pjxvztfj976,,1128
pjxvztfj977,,1129
pjxvztfj980,,1130
pjxvztfj985,,1131
pjxvztfj990,,1132
pjxvztfj991,,1133
pjxvztfj992,,1134
pjxvztfj994,,1135
pjxvzxbj989,,1136
pjxvzxbj996,,1137
pjxvzxbj997,,1138
pjxvzxfj970,,1139
pjxvzxfj972,,1140
pjxvzxfj980,,1141
pjxvzxfj982,,1142
pjxvzxfj987,,1143
pjxvzxfj988,,1144
pjxvzxfj998,,1145
pjxwxxbj899,,1146
pjxwxxbj905,,1147
pjxwxxbj907,,1148
pjxwxxbj908,,1149
pjxwxxbj910,,1150
pjxwxxbj913,,1151
pjxwxxbj914,,1152
pjxwxxbj915,,1153
pjxwxxbj916,,1154
pjxwxxbj918,,1155
pjxwxxbj924,,1156
pjxwxxbj927,,1157
pjxwxxbj930,,1158
pjxwxxbj934,,1159
pjxwxxbj938,,1160
pjxwxxbj940,,1161
pjxwxxbj943,,1162
pjxwxxbj944,,1163
pjxwxxbj949,,1164
pjxwxxbj951,,1165
pjxwxxbj953,,1166
pjxwxxbj960,,1167
pjxwxxbj963,,1168
pjxwxxbj964,,1169
pjxwxxbj967,,1170
pjxwxxbj970,,1171
pjxwxxbj972,,1172
pjxwxxbj983,,1173
pjxwxxbj992,,1174
pjxwxxbj995,,1175
pjxwzxbj985,,1176
pjxwzxbj987,,1177
pjxwzxbj988,,1178
pjxwzxbj989,,1179
pjxwzxbj990,,1180
pjxwzxbj993,,1181
pjxwzxbj996,,1182
pjxwzxbj998,,1183
pjxwzxfj975,,1184
pjxwzxfj977,,1185
pjxwzxfj981,,1186
pjxwzxfj983,,1187
pjxwzxfj984,,1188
pjxwzxfj987,,1189
pjxwzxfj991,,1190
pjxwzxfj992,,1191
pjxwzxfj993,,1192
pjxwzxfj994,,1193
pjxwzxkj985,,1194
pjxwzxkj989,,1195
pjxwzxkj991,,1196
pjxwzxkj992,,1197
pjxwzxkj993,,1198
pjxwzxkj996,,1199
pjxwzxkj998,,1200
pjxxxxbj901,,1201
pjxxxxbj904,,1202
pjxxxxbj907,,1203
pjxxxxbj908,,1204
pjxxxxbj911,,1205
pjxxxxbj912,,1206
pjxxxxbj913,,1207
pjxxxxbj914,,1208
pjxxxxbj915,,1209
pjxxxxbj916,,1210
pjxxxxbj917,,1211
pjxxxxbj921,,1212
pjxxxxbj923,,1213
pjxxxxbj930,,1214
pjxxxxbj932,,1215
pjxxxxbj933,,1216
pjxxxxbj937,,1217
pjxxxxbj941,,1218
pjxxxxbj943,,1219
pjxxxxbj944,,1220
pjxxxxbj945,,1221
pjxxxxbj953,,1222
pjxxxxbj958,,1223
pjxxxxbj963,,1224
pjxxxxbj966,,1225
pjxxxxbj968,,1226
pjxxxxbj970,,1227
pjxxxxbj975,,1228
pjxxxxbj981,,1229
pjxxxxbj986,,1230
pjxxxxbj987,,1231
pjxxxxbj989,,1232
pjxxxxbj995,,1233
pjxxxxbj997,,1234
pjxxztbj994,,1235
pjxxztbj995,,1236
pjxxztfj972,,1237
pjxxztfj975,,1238
pjxxztfj982,,1239
pjxxztfj986,,1240
pjxxztfj988,,1241
pjxxztfj991,,1242
pjxxztfj992,,1243
pjxxztfj995,,1244
pjxxztfj997,,1245
pjxxzxbj995,,1246
pjxxzxkj978,,1247
pjxxzxkj979,,1248
pjxxzxkj981,,1249
pjxxzxkj983,,1250
pjxxzxkj987,,1251
pjxxzxkj990,,1252
pjxxzxkj991,,1253
pjxxzxkj995,,1254
pjxxzxkj997,,1255
pjxyqwbj001,,1256
pjxyqwbj002,,1257
pjxyqwbj003,,1258
pjxyqwbj006,,1259
pjxyqwbj007,,1260
pjxyqwbj013,,1261
pjxyqwbj016,,1262
pjxyqwbj018,,1263
pjxyqwbj020,,1264
pjxyqwbj022,,1265
pjxyqwbj023,,1266
pjxyqwbj027,,1267
pjxyqwbj031,,1268
pjxyqwbj033,,1269
pjxyqwbj034,,1270
pjxyqwbj035,,1271
pjxyqwbj036,,1272
pjxyqwbj038,,1273
pjxyqwbj041,,1274
pjxyqwbj043,,1275
pjxyqwbj044,,1276
pjxyqwbj046,,1277
pjxyqwbj047,,1278
pjxyqwbj049,,1279
pjxyqwbj050,,1280
pjxyqwbj052,,1281
pjxyqwbj053,,1282
pjxyqwbj054,,1283
pjxyqwbj058,,1284
pjxyqwbj059,,1285
pjxyqwbj061,,1286
pjxyqwbj062,,1287
pjxyqwbj069,,1288
pjxyqwbj072,,1289
pjxyqwbj078,,1290
pjxyqwbj080,,1291
pjxyqwbj082,,1292
pjxyqwbj084,,1293
pjxyqwbj085,,1294
pjxyqwbj087,,1295
pjxyqwbj089,,1296
pjxyqwbj090,,1297
pjxyqwbj092,,1298
pjxyqwbj095,,1299
pjxyqwbj098,,1300
pjxyqwbj101,,1301
pjxyqwbj104,,1302
pjxyqwbj108,,1303
pjxyqwbj109,,1304
pjxyqwbj112,,1305
pjxyqwbj117,,1306
pjxyqwbj122,,1307
pjxyqwbj125,,1308
pjxyqwbj126,,1309
pjxyqwbj129,,1310
pjxyqwbj130,,1311
pjxyqwbj133,,1312
pjxyqwbj139,,1313
pjxyqwbj149,,1314
pjxyqwbj150,,1315
pjxyqwbj153,,1316
pjxyqwbj154,,1317
pjxyqwbj155,,1318
pjxyqwbj156,,1319
pjxyqwbj159,,1320
pjxyqwbj163,,1321
pjxyqwbj164,,1322
pjxyqwbj169,,1323
pjxyqwbj171,,1324
pjxyqwbj172,,1325
pjxyqwbj181,,1326
pjxyqwbj185,,1327
pjxyqwbj190,,1328
pjxyqwbj191,,1329
pjxyqwbj192,,1330
pjxyqwbj193,,1331
pjxyqwbj197,,1332
pjxyqwbj201,,1333
pjxyqwbj203,,1334
pjxyqwbj205,,1335
pjxyqwbj207,,1336
pjxyqwbj209,,1337
pjxyqwbj216,,1338
pjxyqwbj223,,1339
pjxyqwbj224,,1340
pjxyqwbj225,,1341
pjxyqwbj232,,1342
pjxyqwbj236,,1343
pjxyqwbj242,,1344
pjxyqwbj243,,1345
pjxyqwbj245,,1346
pjxyqwbj251,,1347
pjxyqwbj252,,1348
pjxyqwbj253,,1349
pjxyqwbj261,,1350
pjxyqwbj262,,1351
pjxyqwbj266,,1352
pjxyqwbj267,,1353
pjxyqwbj269,,1354
pjxyqwbj272,,1355
pjxyqwbj274,,1356
pjxyqwbj276,,1357
pjxyqwbj277,,1358
pjxyqwbj278,,1359
pjxyqwbj283,,1360
pjxyqwbj285,,1361
pjxyqwbj293,,1362
pjxyqwbj299,,1363
pjxyqwbj300,,1364
pjxyqwbj305,,1365
pjxyqwbj307,,1366
pjxyqwbj309,,1367
pjxyqwbj312,,1368
pjxyqwbj315,,1369
pjxyqwbj316,,1370
pjxyqwbj321,,1371
pjxyqwbj322,,1372
pjxyqwbj325,,1373
pjxyqwbj326,,1374
pjxyqwbj327,,1375
pjxyqwbj328,,1376
pjxyqwbj331,,1377
pjxyqwbj334,,1378
pjxyqwbj336,,1379
pjxyqwbj338,,1380
pjxyqwbj339,,1381
pjxyqwbj341,,1382
pjxyqwbj344,,1383
pjxyqwbj347,,1384
pjxyqwbj348,,1385
pjxyqwbj351,,1386
pjxyqwbj356,,1387
pjxyqwbj360,,1388
pjxyqwbj361,,1389
pjxyqwbj362,,1390
pjxyqwbj368,,1391
pjxyqwbj369,,1392
pjxyqwbj375,,1393
pjxyqwbj379,,1394
pjxyqwbj384,,1395
pjxyqwbj385,,1396
pjxyqwbj388,,1397
pjxyqwbj391,,1398
pjxyqwbj393,,1399
pjxyqwbj394,,1400
pjxyqwbj396,,1401
pjxyqwbj400,,1402
pjxyqwbj401,,1403
pjxyqwbj402,,1404
pjxyqwbj403,,1405
pjxyqwbj407,,1406
pjxyqwbj408,,1407
pjxyqwbj409,,1408
pjxyqwbj412,,1409
pjxyqwbj417,,1410
pjxyqwbj421,,1411
pjxyqwbj422,,1412
pjxyqwbj425,,1413
pjxyqwbj428,,1414
pjxyqwbj430,,1415
pjxyqwbj431,,1416
pjxyqwbj444,,1417
pjxyqwbj445,,1418
pjxyqwbj453,,1419
pjxyqwbj454,,1420
pjxyqwbj455,,1421
pjxyqwbj459,,1422
pjxyqwbj461,,1423
pjxyqwbj463,,1424
pjxyqwbj464,,1425
pjxyqwbj468,,1426
pjxyqwbj469,,1427
pjxyqwbj472,,1428
pjxyqwbj478,,1429
pjxyqwbj486,,1430
pjxyqwbj487,,1431
pjxyqwbj488,,1432
pjxyqwbj500,,1433
pjxyqwbj506,,1434
pjxyqwbj508,,1435
pjxyqwbj509,,1436
pjxyqwbj522,,1437
pjxyqwbj523,,1438
pjxyqwbj525,,1439
pjxyqwbj527,,1440
pjxyqwbj530,,1441
pjxyqwbj531,,1442
pjxyqwbj532,,1443
pjxyqwbj540,,1444
pjxyqwbj542,,1445
pjxyqwbj548,,1446
pjxyqwbj552,,1447
pjxyqwbj554,,1448
pjxyqwbj555,,1449
pjxyqwbj560,,1450
pjxyqwbj563,,1451
pjxyqwbj566,,1452
pjxyqwbj569,,1453
pjxyqwbj570,,1454
pjxyqwbj574,,1455
pjxyqwbj577,,1456
pjxyqwbj582,,1457
pjxyqwbj584,,1458
pjxyqwbj590,,1459
pjxyqwbj592,,1460
pjxyqwbj594,,1461
pjxyqwbj602,,1462
pjxyqwbj604,,1463
pjxyqwbj605,,1464
pjxyqwbj608,,1465
pjxyqwbj611,,1466
pjxyqwbj613,,1467
pjxyqwbj616,,1468
pjxyqwbj621,,1469
pjxyqwbj622,,1470
pjxyqwbj627,,1471
pjxyqwbj630,,1472
pjxyqwbj631,,1473
pjxyqwbj634,,1474
pjxyqwbj636,,1475
pjxyqwbj640,,1476
pjxyqwbj648,,1477
pjxyqwbj656,,1478
pjxyqwbj658,,1479
pjxyqwbj659,,1480
pjxyqwbj662,,1481
pjxyqwbj663,,1482
pjxyqwbj664,,1483
pjxyqwbj665,,1484
pjxyqwbj671,,1485
pjxyqwbj673,,1486
pjxyqwbj674,,1487
pjxyqwbj678,,1488
pjxyqwbj685,,1489
pjxyqwbj688,,1490
pjxyqwbj691,,1491
pjxyqwbj692,,1492
pjxyqwbj695,,1493
pjxyqwbj698,,1494
pjxyqwbj699,,1495
pjxyqwbj709,,1496
pjxyqwbj710,,1497
pjxyqwbj718,,1498
pjxyqwbj726,,1499
pjxyqwbj733,,1500
pjxyqwbj737,,1501
pjxyqwbj739,,1502
pjxyqwbj741,,1503
pjxyqwbj748,,1504
pjxyqwbj755,,1505
pjxyqwbj758,,1506
pjxyqwbj769,,1507
pjxyqwbj772,,1508
pjxyqwbj775,,1509
pjxyqwbj777,,1510
pjxyqwbj780,,1511
pjxyqwbj782,,1512
pjxyqwbj787,,1513
pjxyqwbj789,,1514
pjxyqwbj790,,1515
pjxyqwbj791,,1516
pjxyqwbj793,,1517
pjxyqwbj796,,1518
pjxyqwbj797,,1519
pjxyqwbj799,,1520
pjxyqwbj802,,1521
pjxyqwbj803,,1522
pjxyqwbj807,,1523
pjxyqwbj808,,1524
pjxyqwbj809,,1525
pjxyqwbj811,,1526
pjxyqwbj820,,1527
pjxyqwbj821,,1528
pjxyqwbj822,,1529
pjxyqwbj825,,1530
pjxyqwbj830,,1531
pjxyqwbj833,,1532
pjxyqwbj836,,1533
pjxyqwbj837,,1534
pjxyqwbj838,,1535
pjxyqwbj839,,1536
pjxyqwbj841,,1537
pjxyqwbj842,,1538
pjxyqwbj847,,1539
pjxyqwbj850,,1540
pjxyqwbj852,,1541
pjxyqwbj853,,1542
pjxyqwbj856,,1543
pjxyqwbj857,,1544
pjxyqwbj864,,1545
pjxyqwbj865,,1546
pjxyqwbj867,,1547
pjxyqwbj869,,1548
pjxyqwbj871,,1549
pjxyqwbj876,,1550
pjxyqwbj877,,1551
pjxyqwbj883,,1552
pjxyqwbj885,,1553
pjxyqwbj886,,1554
pjxyqwbj889,,1555
pjxyqwbj890,,1556
pjxyqwbj895,,1557
pjxyqwbj896,,1558
pjxyqwbj897,,1559
pjxyqwbj902,,1560
pjxyqwbj903,,1561
pjxyqwbj904,,1562
pjxyqwbj905,,1563
pjxyqwbj907,,1564
pjxyqwbj910,,1565
pjxyqwbj912,,1566
pjxyqwbj914,,1567
pjxyqwbj917,,1568
pjxyqwbj923,,1569
pjxyqwbj924,,1570
pjxyqwbj925,,1571
pjxyqwbj926,,1572
pjxyqwbj927,,1573
pjxyqwbj928,,1574
pjxyqwbj929,,1575
pjxyqwbj930,,1576
pjxyqwbj933,,1577
pjxyqwbj936,,1578
pjxyqwbj937,,1579
pjxyqwbj939,,1580
pjxyqwbj940,,1581
pjxyqwbj941,,1582
pjxyqwbj944,,1583
pjxyqwbj945,,1584
pjxyqwbj946,,1585
pjxyqwbj947,,1586
pjxyqwbj949,,1587
pjxyqwbj950,,1588
pjxyqwbj955,,1589
pjxyqwbj958,,1590
pjxyqwbj961,,1591
pjxyqwbj966,,1592
pjxyqwbj967,,1593
pjxyqwbj977,,1594
pjxyqwbj979,,1595
pjxyqwbj985,,1596
pjxyqwbj986,,1597
pjxyqwbj988,,1598
pjxyqwbj993,,1599
pjxyqwbj998,,1600
pjxyqwbk504,,1601
pjxyqwbk505,,1602
pjxyqwbk513,,1603
pjxyqwbk519,,1604
pjxyqwbk520,,1605
pjxyqwbk521,,1606
pjxyqwbk523,,1607
pjxyqwbk527,,1608
pjxyqwbk534,,1609
pjxyqwbk536,,1610
pjxyqwbk537,,1611
pjxyqwbk538,,1612
pjxyqwbk540,,1613
pjxyqwbk541,,1614
pjxyqwbk542,,1615
pjxyqwbk543,,1616
pjxyqwbk547,,1617
pjxyqwbk548,,1618
pjxyqwbk549,,1619
pjxyqwbk551,,1620
pjxyqwbk562,,1621
pjxyqwbk572,,1622
pjxyqwbk575,,1623
pjxyqwbk577,,1624
pjxyqwbk578,,1625
pjxyqwbk581,,1626
pjxyqwbk584,,1627
pjxyqwbk585,,1628
pjxyqwbk595,,1629
pjxyqwbk601,,1630
pjxyqwbk603,,1631
pjxyqwbk604,,1632
pjxyqwbk605,,1633
pjxyqwbk607,,1634
pjxyqwbk608,,1635
pjxyqwbk615,,1636
pjxyqwbk618,,1637
pjxyqwbk620,,1638
pjxyqwbk623,,1639
pjxyqwbk631,,1640
pjxyqwbk632,,1641
pjxyqwbk636,,1642
pjxyqwbk642,,1643
pjxyqwbk644,,1644
pjxyqwbk646,,1645
pjxyqwbk653,,1646
pjxyqwbk656,,1647
pjxyqwbk661,,1648
pjxyqwbk662,,1649
pjxyqwbk666,,1650
pjxyqwbk671,,1651
pjxyqwbk673,,1652
pjxyqwbk678,,1653
pjxyqwbk679,,1654
pjxyqwbk694,,1655
pjxyqwbk697,,1656
pjxyqwbk698,,1657
pjxyqwbk700,,1658
pjxyqwbk706,,1659
pjxyqwbk708,,1660
pjxyqwbk710,,1661
pjxyqwbk713,,1662
pjxyqwbk716,,1663
pjxyqwbk717,,1664
pjxyqwbk720,,1665
pjxyqwbk721,,1666
pjxyqwbk728,,1667
pjxyqwbk729,,1668
pjxyqwbk731,,1669
pjxyqwbk734,,1670
pjxyqwbk735,,1671
pjxyqwbk740,,1672
pjxyqwbk741,,1673
pjxyqwbk745,,1674
pjxyqwbk747,,1675
pjxyqwbk749,,1676
pjxyqwbk754,,1677
pjxyqwbk755,,1678
pjxyqwbk760,,1679
pjxyqwbk761,,1680
pjxyqwbk762,,1681
pjxyqwbk764,,1682
pjxyqwbk767,,1683
pjxyqwbk769,,1684
pjxyqwbk775,,1685
pjxyqwbk779,,1686
pjxyqwbk781,,1687
pjxyqwbk782,,1688
pjxyqwbk787,,1689
pjxyqwbk788,,1690
pjxyqwbk796,,1691
pjxyqwbk799,,1692
pjxyqwbk802,,1693
pjxyqwbk804,,1694
pjxyqwbk806,,1695
pjxyqwbk807,,1696
pjxyqwbk810,,1697
pjxyqwbk812,,1698
pjxyqwbk813,,1699
pjxyqwbk814,,1700
pjxyqwbk815,,1701
pjxyqwbk824,,1702
pjxyqwbk828,,1703
pjxyqwbk829,,1704
pjxyqwbk830,,1705
pjxyqwbk831,,1706
pjxyqwbk834,,1707
pjxyqwbk838,,1708
pjxyqwbk839,,1709
pjxyqwbk844,,1710
pjxyqwbk845,,1711
pjxyqwbk856,,1712
pjxyqwbk859,,1713
pjxyqwbk862,,1714
pjxyqwbk864,,1715
pjxyqwbk865,,1716
pjxyqwbk866,,1717
pjxyqwbk868,,1718
pjxyqwbk869,,1719
pjxyqwbk870,,1720
pjxyqwbk871,,1721
pjxyqwbk879,,1722
pjxyqwbk884,,1723
pjxyqwbk885,,1724
pjxyqwbk895,,1725
pjxyqwbk896,,1726
pjxyqwbk901,,1727
pjxyqwbk902,,1728
pjxyqwbk910,,1729
pjxyqwbk919,,1730
pjxyqwbk920,,1731
pjxyqwbk922,,1732
pjxyqwbk923,,1733
pjxyqwbk928,,1734
pjxyqwbk931,,1735
pjxyqwbk935,,1736
pjxyqwbk942,,1737
pjxyqwbk943,,1738
pjxyqwbk953,,1739
pjxyqwbk954,,1740
pjxyqwbk955,,1741
pjxyqwbk956,,1742
pjxyqwbk962,,1743
pjxyqwbk966,,1744
pjxyqwbk967,,1745
pjxyqwbk971,,1746
pjxyqwbk972,,1747
pjxyqwbk991,,1748
pjxyqwbk993,,1749
pjxyqwbk996,,1750
pjxyqwbk999,,1751
pjxyqxbj001,,1752
pjxyqxbj002,,1753
pjxyqxbj006,,1754
pjxyqxbj007,,1755
pjxyqxbj012,,1756
pjxyqxbj015,,1757
pjxyqxbj018,,1758
pjxyqxbj023,,1759
pjxyqxbj024,,1760
pjxyqxbj029,,1761
pjxyqxbj034,,1762
pjxyqxbj039,,1763
pjxyqxbj040,,1764
pjxyqxbj043,,1765
pjxyqxbj046,,1766
pjxyqxbj048,,1767
pjxyqxbj049,,1768
pjxyqxbj051,,1769
pjxyqxbj052,,1770
pjxyqxbj058,,1771
pjxyqxbj060,,1772
pjxyqxbj064,,1773
pjxyqxbj065,,1774
pjxyqxbj066,,1775
pjxyqxbj067,,1776
pjxyqxbj074,,1777
pjxyqxbj080,,1778
pjxyqxbj082,,1779
pjxyqxbj084,,1780
pjxyqxbj086,,1781
pjxyqxbj089,,1782
pjxyqxbj092,,1783
pjxyqxbj093,,1784
pjxyqxbj094,,1785
pjxyqxbj095,,1786
pjxyqxbj096,,1787
pjxyqxbj102,,1788
pjxyqxbj105,,1789
pjxyqxbj113,,1790
pjxyqxbj117,,1791
pjxyqxbj119,,1792
pjxyqxbj120,,1793
pjxyqxbj121,,1794
pjxyqxbj124,,1795
pjxyqxbj129,,1796
pjxyqxbj131,,1797
pjxyqxbj139,,1798
pjxyqxbj144,,1799
pjxyqxbj146,,1800
pjxyqxbj148,,1801
pjxyqxbj152,,1802
pjxyqxbj155,,1803
pjxyqxbj158,,1804
pjxyqxbj164,,1805
pjxyqxbj165,,1806
pjxyqxbj167,,1807
pjxyqxbj173,,1808
pjxyqxbj174,,1809
pjxyqxbj180,,1810
pjxyqxbj187,,1811
pjxyqxbj188,,1812
pjxyqxbj192,,1813
pjxyqxbj195,,1814
pjxyqxbj207,,1815
pjxyqxbj214,,1816
pjxyqxbj217,,1817
pjxyqxbj223,,1818
pjxyqxbj224,,1819
pjxyqxbj228,,1820
pjxyqxbj230,,1821
pjxyqxbj237,,1822
pjxyqxbj239,,1823
pjxyqxbj240,,1824
pjxyqxbj243,,1825
pjxyqxbj250,,1826
pjxyqxbj251,,1827
pjxyqxbj253,,1828
pjxyqxbj255,,1829
pjxyqxbj257,,1830
pjxyqxbj262,,1831
pjxyqxbj269,,1832
pjxyqxbj272,,1833
pjxyqxbj273,,1834
pjxyqxbj277,,1835
pjxyqxbj278,,1836
pjxyqxbj279,,1837
pjxyqxbj280,,1838
pjxyqxbj282,,1839
pjxyqxbj283,,1840
pjxyqxbj284,,1841
pjxyqxbj285,,1842
pjxyqxbj286,,1843
pjxyqxbj288,,1844
pjxyqxbj293,,1845
pjxyqxbj294,,1846
pjxyqxbj296,,1847
pjxyqxbj301,,1848
pjxyqxbj305,,1849
pjxyqxbj312,,1850
pjxyqxbj314,,1851
pjxyqxbj317,,1852
pjxyqxbj319,,1853
pjxyqxbj320,,1854
pjxyqxbj323,,1855
pjxyqxbj325,,1856
pjxyqxbj327,,1857
pjxyqxbj330,,1858
pjxyqxbj333,,1859
pjxyqxbj334,,1860
pjxyqxbj337,,1861
pjxyqxbj340,,1862
pjxyqxbj345,,1863
pjxyqxbj347,,1864
pjxyqxbj348,,1865
pjxyqxbj352,,1866
pjxyqxbj355,,1867
pjxyqxbj358,,1868
pjxyqxbj365,,1869
pjxyqxbj370,,1870
pjxyqxbj371,,1871
pjxyqxbj374,,1872
pjxyqxbj379,,1873
pjxyqxbj384,,1874
pjxyqxbj392,,1875
pjxyqxbj395,,1876
pjxyqxbj397,,1877
pjxyqxbj400,,1878
pjxyqxbj404,,1879
pjxyqxbj405,,1880
pjxyqxbj410,,1881
pjxyqxbj412,,1882
pjxyqxbj417,,1883
pjxyqxbj418,,1884
pjxyqxbj422,,1885
pjxyqxbj430,,1886
pjxyqxbj433,,1887
pjxyqxbj439,,1888
pjxyqxbj440,,1889
pjxyqxbj443,,1890
pjxyqxbj451,,1891
pjxyqxbj452,,1892
pjxyqxbj455,,1893
pjxyqxbj459,,1894
pjxyqxbj460,,1895
pjxyqxbj464,,1896
pjxyqxbj465,,1897
pjxyqxbj470,,1898
pjxyqxbj474,,1899
pjxyqxbj476,,1900
pjxyqxbj478,,1901
pjxyqxbj483,,1902
pjxyqxbj484,,1903
pjxyqxbj485,,1904
pjxyqxbj490,,1905
pjxyqxbj491,,1906
pjxyqxbj496,,1907
pjxyqxbj505,,1908
pjxyqxbj506,,1909
pjxyqxbj507,,1910
pjxyqxbj511,,1911
pjxyqxbj512,,1912
pjxyqxbj519,,1913
pjxyqxbj520,,1914
pjxyqxbj521,,1915
pjxyqxbj522,,1916
pjxyqxbj524,,1917
pjxyqxbj525,,1918
pjxyqxbj527,,1919
pjxyqxbj528,,1920
pjxyqxbj529,,1921
pjxyqxbj540,,1922
pjxyqxbj541,,1923
pjxyqxbj545,,1924
pjxyqxbj546,,1925
pjxyqxbj548,,1926
pjxyqxbj554,,1927
pjxyqxbj557,,1928
pjxyqxbj565,,1929
pjxyqxbj569,,1930
pjxyqxbj570,,1931
pjxyqxbj575,,1932
pjxyqxbj577,,1933
pjxyqxbj580,,1934
pjxyqxbj583,,1935
pjxyqxbj584,,1936
pjxyqxbj586,,1937
pjxyqxbj588,,1938
pjxyqxbj594,,1939
pjxyqxbj595,,1940
pjxyqxbj599,,1941
pjxyqxbj605,,1942
pjxyqxbj607,,1943
pjxyqxbj608,,1944
pjxyqxbj609,,1945
pjxyqxbj610,,1946
pjxyqxbj615,,1947
pjxyqxbj616,,1948
pjxyqxbj625,,1949
pjxyqxbj628,,1950
pjxyqxbj629,,1951
pjxyqxbj630,,1952
pjxyqxbj633,,1953
pjxyqxbj635,,1954
pjxyqxbj637,,1955
pjxyqxbj642,,1956
pjxyqxbj643,,1957
pjxyqxbj645,,1958
pjxyqxbj646,,1959
pjxyqxbj647,,1960
pjxyqxbj648,,1961
pjxyqxbj653,,1962
pjxyqxbj657,,1963
pjxyqxbj663,,1964
pjxyqxbj667,,1965
pjxyqxbj669,,1966
pjxyqxbj670,,1967
pjxyqxbj676,,1968
pjxyqxbj686,,1969
pjxyqxbj687,,1970
pjxyqxbj688,,1971
pjxyqxbj692,,1972
pjxyqxbj694,,1973
pjxyqxbj698,,1974
pjxyqxbj707,,1975
pjxyqxbj712,,1976
pjxyqxbj717,,1977
pjxyqxbj724,,1978
pjxyqxbj725,,1979
pjxyqxbj726,,1980
pjxyqxbj728,,1981
pjxyqxbj731,,1982
pjxyqxbj733,,1983
pjxyqxbj734,,1984
pjxyqxbj739,,1985
pjxyqxbj743,,1986
pjxyqxbj744,,1987
pjxyqxbj750,,1988
pjxyqxbj756,,1989
pjxyqxbj757,,1990
pjxyqxbj760,,1991
pjxyqxbj761,,1992
pjxyqxbj769,,1993
pjxyqxbj770,,1994
pjxyqxbj771,,1995
pjxyqxbj772,,1996
pjxyqxbj776,,1997
pjxyqxbj779,,1998
pjxyqxbj780,,1999
pjxyqxbj781,,2000
pjxyqxbj784,,2001
pjxyqxbj788,,2002
pjxyqxbj789,,2003
pjxyqxbj794,,2004
pjxyqxbj795,,2005
pjxyqxbj799,,2006
pjxyqxbj800,,2007
pjxyqxbj801,,2008
pjxyqxbj812,,2009
pjxyqxbj813,,2010
pjxyqxbj815,,2011
pjxyqxbj817,,2012
pjxyqxbj818,,2013
pjxyqxbj823,,2014
pjxyqxbj829,,2015
pjxyqxbj830,,2016
pjxyqxbj831,,2017
pjxyqxbj832,,2018
pjxyqxbj834,,2019
pjxyqxbj835,,2020
pjxyqxbj838,,2021
pjxyqxbj846,,2022
pjxyqxbj848,,2023
pjxyqxbj853,,2024
pjxyqxbj854,,2025
pjxyqxbj858,,2026
pjxyqxbj864,,2027
pjxyqxbj866,,2028
pjxyqxbj867,,2029
pjxyqxbj869,,2030
pjxyqxbj876,,2031
pjxyqxbj879,,2032
pjxyqxbj884,,2033
pjxyqxbj885,,2034
pjxyqxbj888,,2035
pjxyqxbj896,,2036
pjxyqxbj897,,2037
pjxyqxbj898,,2038
pjxyqxbj903,,2039
pjxyqxbj905,,2040
pjxyqxbj907,,2041
pjxyqxbj910,,2042
pjxyqxbj919,,2043
pjxyqxbj921,,2044
pjxyqxbj928,,2045
pjxyqxbj929,,2046
pjxyqxbj932,,2047
pjxyqxbj933,,2048
pjxyqxbj935,,2049
pjxyqxbj940,,2050
pjxyqxbj945,,2051
pjxyqxbj947,,2052
pjxyqxbj948,,2053
pjxyqxbj949,,2054
pjxyqxbj950,,2055
pjxyqxbj952,,2056
pjxyqxbj953,,2057
pjxyqxbj957,,2058
pjxyqxbj961,,2059
pjxyqxbj964,,2060
pjxyqxbj967,,2061
pjxyqxbj968,,2062
pjxyqxbj969,,2063
pjxyqxbj981,,2064
pjxyqxbj985,,2065
pjxyqxbj987,,2066
pjxyqxbj989,,2067
pjxyqxbj993,,2068
pjxyqxbj995,,2069
pjxyqxbk005,,2070
pjxyqxbk007,,2071
pjxyqxbk013,,2072
pjxyqxbk015,,2073
pjxyqxbk019,,2074
pjxyqxbk023,,2075
pjxyqxbk024,,2076
pjxyqxbk025,,2077
pjxyqxbk032,,2078
pjxyqxbk035,,2079
pjxyqxbk039,,2080
pjxyqxbk042,,2081
pjxyqxbk043,,2082
pjxyqxbk046,,2083
pjxyqxbk053,,2084
pjxyqxbk059,,2085
pjxyqxbk063,,2086
pjxyqxbk064,,2087
pjxyqxbk066,,2088
pjxyqxbk067,,2089
pjxyqxbk068,,2090
pjxyqxbk072,,2091
pjxyqxbk075,,2092
pjxyqxbk076,,2093
pjxyqxbk086,,2094
pjxyqxbk094,,2095
pjxyqxbk097,,2096
pjxyqxbk098,,2097
pjxyqxbk100,,2098
pjxyqxbk105,,2099
pjxyqxbk107,,2100
pjxyqxbk115,,2101
pjxyqxbk116,,2102
pjxyqxbk121,,2103
pjxyqxbk131,,2104
pjxyqxbk135,,2105
pjxyqxbk137,,2106
pjxyqxbk138,,2107
pjxyqxbk140,,2108
pjxyqxbk144,,2109
pjxyqxbk149,,2110
pjxyqxbk150,,2111
pjxyqxbk151,,2112
pjxyqxbk154,,2113
pjxyqxbk155,,2114
pjxyqxbk158,,2115
pjxyqxbk159,,2116
pjxyqxbk160,,2117
pjxyqxbk163,,2118
pjxyqxbk166,,2119
pjxyqxbk167,,2120
pjxyqxbk168,,2121
pjxyqxbk171,,2122
pjxyqxbk180,,2123
pjxyqxbk182,,2124
pjxyqxbk183,,2125
pjxyqxbk185,,2126
pjxyqxbk190,,2127
pjxyqxbk194,,2128
pjxyqxbk195,,2129
pjxyqxbk199,,2130
pjxyqxbk208,,2131
pjxyqxbk209,,2132
pjxyqxbk217,,2133
pjxyqxbk218,,2134
pjxyqxbk220,,2135
pjxyqxbk222,,2136
pjxyqxbk224,,2137
pjxyqxbk228,,2138
pjxyqxbk231,,2139
pjxyqxbk232,,2140
pjxyqxbk236,,2141
pjxyqxbk239,,2142
pjxyqxbk242,,2143
pjxyqxbk243,,2144
pjxyqxbk246,,2145
pjxyqxbk253,,2146
pjxyqxbk257,,2147
pjxyqxbk261,,2148
pjxyqxbk262,,2149
pjxyqxbk263,,2150
pjxyqxbk264,,2151
pjxyqxbk269,,2152
pjxyqxbk273,,2153
pjxyqxbk277,,2154
pjxyqxbk281,,2155
pjxyqxbk286,,2156
pjxyqxbk287,,2157
pjxyqxbk290,,2158
pjxyqxbk294,,2159
pjxyqxbk295,,2160
pjxyqxbk297,,2161
pjxyqxbk298,,2162
pjxyqxbk300,,2163
pjxyqxbk302,,2164
pjxyqxbk304,,2165
pjxyqxbk307,,2166
pjxyqxbk314,,2167
pjxyqxbk317,,2168
pjxyqxbk319,,2169
pjxyqxbk325,,2170
pjxyqxbk328,,2171
pjxyqxbk329,,2172
pjxyqxbk330,,2173
pjxyqxbk331,,2174
pjxyqxbk335,,2175
pjxyqxbk338,,2176
pjxyqxbk339,,2177
pjxyqxbk343,,2178
pjxyqxbk346,,2179
pjxyqxbk349,,2180
pjxyqxbk351,,2181
pjxyqxbk354,,2182
pjxyqxbk364,,2183
pjxyqxbk369,,2184
pjxyqxbk370,,2185
pjxyqxbk375,,2186
pjxyqxbk377,,2187
pjxyqxbk378,,2188
pjxyqxbk388,,2189
pjxyqxbk389,,2190
pjxyqxbk391,,2191
pjxyqxbk398,,2192
pjxyqxbk402,,2193
pjxyqxbk403,,2194
pjxyqxbk415,,2195
pjxyqxbk419,,2196
pjxyqxbk426,,2197
pjxyqxbk428,,2198
pjxyqxbk434,,2199
pjxyqxbk437,,2200
pjxyqxbk442,,2201
pjxyqxbk444,,2202
pjxyqxbk445,,2203
pjxyqxbk446,,2204
pjxyqxbk448,,2205
pjxyqxbk452,,2206
pjxyqxbk454,,2207
pjxyqxbk457,,2208
pjxyqxbk460,,2209
pjxyqxbk464,,2210
pjxyqxbk468,,2211
pjxyqxbk472,,2212
pjxyqxbk481,,2213
pjxyqxbk489,,2214
pjxyqxbk491,,2215
pjxyqxbk495,,2216
pjxyqxbk497,,2217
pjxyqxbk505,,2218
pjxyqxbk506,,2219
pjxyqxbk516,,2220
pjxyqxbk521,,2221
pjxyqxbk524,,2222
pjxyqxbk525,,2223
pjxyqxbk527,,2224
pjxyqxbk530,,2225
pjxyqxbk533,,2226
pjxyqxbk534,,2227
pjxyqxbk535,,2228
pjxyqxbk539,,2229
pjxyqxbk543,,2230
pjxyqxbk546,,2231
pjxyqxbk547,,2232
pjxyqxbk549,,2233
pjxyqxbk552,,2234
pjxyqxbk555,,2235
pjxyqxbk556,,2236
pjxyqxbk562,,2237
pjxyqxbk565,,2238
pjxyqxbk567,,2239
pjxyqxbk571,,2240
pjxyqxbk572,,2241
pjxyqxbk573,,2242
pjxyqxbk578,,2243
pjxyqxbk582,,2244
pjxyqxbk592,,2245
pjxyqxbk594,,2246
pjxyqxbk595,,2247
pjxyqxbk597,,2248
pjxyqxbk598,,2249
pjxyqxbk601,,2250
pjxyqxbk604,,2251
pjxyqxbk606,,2252
pjxyqxbk610,,2253
pjxyqxbk611,,2254
pjxyqxbk613,,2255
pjxyqxbk621,,2256
pjxyqxbk625,,2257
pjxyqxbk626,,2258
pjxyqxbk627,,2259
pjxyqxbk629,,2260
pjxyqxbk632,,2261
pjxyqxbk633,,2262
pjxyqxbk634,,2263
pjxyqxbk640,,2264
pjxyqxbk642,,2265
pjxyqxbk647,,2266
pjxyqxbk655,,2267
pjxyqxbk656,,2268
pjxyqxbk657,,2269
pjxyqxbk662,,2270
pjxyqxbk663,,2271
pjxyqxbk665,,2272
pjxyqxbk667,,2273
pjxyqxbk669,,2274
pjxyqxbk674,,2275
pjxyqxbk677,,2276
pjxyqxbk679,,2277
pjxyqxbk681,,2278
pjxyqxbk682,,2279
pjxyqxbk684,,2280
pjxyqxbk685,,2281
pjxyqxbk686,,2282
pjxyqxbk695,,2283
pjxyqxbk697,,2284
pjxyqxbk700,,2285
pjxyqxbk703,,2286
pjxyqxbk705,,2287
pjxyqxbk710,,2288
pjxyqxbk713,,2289
pjxyqxbk717,,2290
pjxyqxbk728,,2291
pjxyqxbk731,,2292
pjxyqxbk733,,2293
pjxyqxbk737,,2294
pjxyqxbk742,,2295
pjxyqxbk743,,2296
pjxyqxbk745,,2297
pjxyqxbk746,,2298
pjxyqxbk748,,2299
pjxyqxbk751,,2300
pjxyqxbk753,,2301
pjxyqxbk755,,2302
pjxyqxbk757,,2303
pjxyqxbk759,,2304
pjxyqxbk760,,2305
pjxyqxbk764,,2306
pjxyqxbk765,,2307
pjxyqxbk767,,2308
pjxyqxbk777,,2309
pjxyqxbk778,,2310
pjxyqxbk779,,2311
pjxyqxbk780,,2312
pjxyqxbk782,,2313
pjxyqxbk787,,2314
pjxyqxbk788,,2315
pjxyqxbk789,,2316
pjxyqxbk791,,2317
pjxyqxbk792,,2318
pjxyqxbk794,,2319
pjxyqxbk795,,2320
pjxyqxbk797,,2321
pjxyqxbk801,,2322
pjxyqxbk803,,2323
pjxyqxbk804,,2324
pjxyqxbk807,,2325
pjxyqxbk810,,2326
pjxyqxbk811,,2327
pjxyqxbk812,,2328
pjxyqxbk813,,2329
pjxyqxbk816,,2330
pjxyqxbk820,,2331
pjxyqxbk822,,2332
pjxyqxbk823,,2333
pjxyqxbk826,,2334
pjxyqxbk827,,2335
pjxyqxbk828,,2336
pjxyqxbk835,,2337
pjxyqxbk841,,2338
pjxyqxbk843,,2339
pjxyqxbk844,,2340
pjxyqxbk846,,2341
pjxyqxbk847,,2342
pjxyqxbk848,,2343
pjxyqxbk853,,2344
pjxyqxbk855,,2345
pjxyqxbk861,,2346
pjxyqxbk863,,2347
pjxyqxbk865,,2348
pjxyqxbk867,,2349
pjxyqxbk868,,2350
pjxyqxbk869,,2351
pjxyqxbk872,,2352
pjxyqxbk873,,2353
pjxyqxbk878,,2354
pjxyqxbk880,,2355
pjxyqxbk885,,2356
pjxyqxbk889,,2357
pjxyqxbk895,,2358
pjxyqxbk898,,2359
pjxyqxbk899,,2360
pjxyqxbk900,,2361
pjxyqxbk905,,2362
pjxyqxbk908,,2363
pjxyqxbk909,,2364
pjxyqxbk910,,2365
pjxyqxbk911,,2366
pjxyqxbk915,,2367
pjxyqxbk923,,2368
pjxyqxbk926,,2369
pjxyqxbk927,,2370
pjxyqxbk929,,2371
pjxyqxbk934,,2372
pjxyqxbk935,,2373
pjxyqxbk936,,2374
pjxyqxbk937,,2375
pjxyqxbk939,,2376
pjxyqxbk941,,2377
pjxyqxbk943,,2378
pjxyqxbk945,,2379
pjxyqxbk950,,2380
pjxyqxbk951,,2381
pjxyqxbk957,,2382
pjxyqxbk958,,2383
pjxyqxbk961,,2384
pjxyqxbk965,,2385
pjxyqxbk969,,2386
pjxyqxbk971,,2387
pjxyqxbk974,,2388
pjxyqxbk978,,2389
pjxyqxbk981,,2390
pjxyqxbk987,,2391
pjxyqxbk992,,2392
pjxyqxbk993,,2393
pjxyqxbk997,,2394
pjxyqxbl677,,2395
pjxyqxbl684,,2396
pjxyqxbl686,,2397
pjxyqxbl699,,2398
pjxyqxbl701,,2399
pjxyqxbl703,,2400
pjxyqxbl704,,2401
pjxyqxbl708,,2402
pjxyqxbl709,,2403
pjxyqxbl710,,2404
pjxyqxbl713,,2405
pjxyqxbl717,,2406
pjxyqxbl724,,2407
pjxyqxbl727,,2408
pjxyqxbl731,,2409
pjxyqxbl735,,2410
pjxyqxbl736,,2411
pjxyqxbl738,,2412
pjxyqxbl742,,2413
pjxyqxbl743,,2414
pjxyqxbl745,,2415
pjxyqxbl746,,2416
pjxyqxbl747,,2417
pjxyqxbl752,,2418
pjxyqxbl755,,2419
pjxyqxbl757,,2420
pjxyqxbl758,,2421
pjxyqxbl759,,2422
pjxyqxbl765,,2423
pjxyqxbl767,,2424
pjxyqxbl768,,2425
pjxyqxbl769,,2426
pjxyqxbl774,,2427
pjxyqxbl779,,2428
pjxyqxbl781,,2429
pjxyqxbl789,,2430
pjxyqxbl793,,2431
pjxyqxbl804,,2432
pjxyqxbl806,,2433
pjxyqxbl810,,2434
pjxyqxbl812,,2435
pjxyqxbl815,,2436
pjxyqxbl816,,2437
pjxyqxbl821,,2438
pjxyqxbl825,,2439
pjxyqxbl826,,2440
pjxyqxbl836,,2441
pjxyqxbl837,,2442
pjxyqxbl843,,2443
pjxyqxbl847,,2444
pjxyqxbl854,,2445
pjxyqxbl857,,2446
pjxyqxbl866,,2447
pjxyqxbl867,,2448
pjxyqxbl872,,2449
pjxyqxbl876,,2450
pjxyqxbl878,,2451
pjxyqxbl879,,2452
pjxyqxbl884,,2453
pjxyqxbl886,,2454
pjxyqxbl889,,2455
pjxyqxbl891,,2456
pjxyqxbl893,,2457
pjxyqxbl895,,2458
pjxyqxbl896,,2459
pjxyqxbl900,,2460
pjxyqxbl904,,2461
pjxyqxbl905,,2462
pjxyqxbl906,,2463
pjxyqxbl907,,2464
pjxyqxbl910,,2465
pjxyqxbl913,,2466
pjxyqxbl916,,2467
pjxyqxbl918,,2468
pjxyqxbl919,,2469
pjxyqxbl921,,2470
pjxyqxbl927,,2471
pjxyqxbl930,,2472
pjxyqxbl931,,2473
pjxyqxbl934,,2474
pjxyqxbl939,,2475
pjxyqxbl945,,2476
pjxyqxbl946,,2477
pjxyqxbl950,,2478
pjxyqxbl952,,2479
pjxyqxbl953,,2480
pjxyqxbl954,,2481
pjxyqxbl955,,2482
pjxyqxbl962,,2483
pjxyqxbl963,,2484
pjxyqxbl964,,2485
pjxyqxbl965,,2486
pjxyqxbl966,,2487
pjxyqxbl969,,2488
pjxyqxbl970,,2489
pjxyqxbl980,,2490
pjxyqxbl984,,2491
pjxyqxbl985,,2492
pjxyqxbl987,,2493
pjxyqxbl988,,2494
pjxyqxbl989,,2495
pjxyqxbl990,,2496
pjxyqxbl991,,2497
pjxyqxbl992,,2498
pjxyqxbl993,,2499
pjxyqxbl996,,2500
pjxyqxbl999,,2501
